"","NOAA_flight","image"
"1","Florence_20180917a_jpgs","P26056241.jpg"
"2","Florence_20180917a_jpgs","P26058734.jpg"
"3","Florence_20180917a_jpgs","P26057207.jpg"
"4","Florence_20180917a_jpgs","P26055975.jpg"
"5","Florence_20180917a_jpgs","P26055670.jpg"
"6","Florence_20180917a_jpgs","C26057130.jpg"
"7","Florence_20180917a_jpgs","P26055688.jpg"
"8","Florence_20180917a_jpgs","P26058839.jpg"
"9","Florence_20180917a_jpgs","P26058836.jpg"
"10","Florence_20180917a_jpgs","P26057053.jpg"
"11","Florence_20180917a_jpgs","P26047222.jpg"
"12","Florence_20180917a_jpgs","P26057723.jpg"
"13","Florence_20180917a_jpgs","P26057638.jpg"
"14","Florence_20180917a_jpgs","P26047232.jpg"
"15","Florence_20180917a_jpgs","P26057306.jpg"
"16","Florence_20180917a_jpgs","P26059850.jpg"
"17","Florence_20180917a_jpgs","P26058842.jpg"
"18","Florence_20180917a_jpgs","P26054329.jpg"
"19","Florence_20180917a_jpgs","P26057210.jpg"
"20","Florence_20180917a_jpgs","P26057164.jpg"
"21","Florence_20180917a_jpgs","P26047972.jpg"
"22","Florence_20180917a_jpgs","P26054589.jpg"
"23","Florence_20180917a_jpgs","P26047229.jpg"
"24","Florence_20180917a_jpgs","P26057240.jpg"
"25","Florence_20180917a_jpgs","P26059407.jpg"
"26","Florence_20180917a_jpgs","P26059271.jpg"
"27","Florence_20180917a_jpgs","P26055112.jpg"
"28","Florence_20180917a_jpgs","P26057243.jpg"
"29","Florence_20180917a_jpgs","P26060016.jpg"
"30","Florence_20180917a_jpgs","P26059262.jpg"
"31","Florence_20180917a_jpgs","P26057249.jpg"
"32","Florence_20180917a_jpgs","P26057379.jpg"
"33","Florence_20180917a_jpgs","P26055682.jpg"
"34","Florence_20180917a_jpgs","P26054293.jpg"
"35","Florence_20180917a_jpgs","P26056280.jpg"
"36","Florence_20180917a_jpgs","P26055981.jpg"
"37","Florence_20180917a_jpgs","P26059268.jpg"
"38","Florence_20180917a_jpgs","P26059853.jpg"
"39","Florence_20180917a_jpgs","P26057388.jpg"
"40","Florence_20180917a_jpgs","P26056739.jpg"
"41","Florence_20180917a_jpgs","P26059392.jpg"
"42","Florence_20180917a_jpgs","P26059338.jpg"
"43","Florence_20180917a_jpgs","P26057028.jpg"
"44","Florence_20180917a_jpgs","P26055933.jpg"
"45","Florence_20180917a_jpgs","P26057185.jpg"
"46","Florence_20180917a_jpgs","P26056193.jpg"
"47","Florence_20180917a_jpgs","P26059259.jpg"
"48","Florence_20180917a_jpgs","P26057297.jpg"
"49","Florence_20180917a_jpgs","P26056971.jpg"
"50","Florence_20180917a_jpgs","P26056175.jpg"
"51","Florence_20180917a_jpgs","P26056947.jpg"
"52","Florence_20180917a_jpgs","P26055441.jpg"
"53","Florence_20180917a_jpgs","C26049735.jpg"
"54","Florence_20180917a_jpgs","P26057294.jpg"
"55","Florence_20180917a_jpgs","P26056283.jpg"
"56","Florence_20180917a_jpgs","P26055673.jpg"
"57","Florence_20180917a_jpgs","P26059334.jpg"
"58","Florence_20180917a_jpgs","P26055667.jpg"
"59","Florence_20180917a_jpgs","P26057155.jpg"
"60","Florence_20180917a_jpgs","P26056178.jpg"
"61","Florence_20180917a_jpgs","P26055927.jpg"
"62","Florence_20180917a_jpgs","P26056950.jpg"
"63","Florence_20180917a_jpgs","P26059452.jpg"
"64","Florence_20180917a_jpgs","P26058405.jpg"
"65","Florence_20180917a_jpgs","P26057309.jpg"
"66","Florence_20180917a_jpgs","P26054661.jpg"
"67","Florence_20180917a_jpgs","P26055900.jpg"
"68","Florence_20180917a_jpgs","P26059404.jpg"
"69","Florence_20180917a_jpgs","P26059256.jpg"
"70","Florence_20180917a_jpgs","P26056190.jpg"
"71","Florence_20180917a_jpgs","P26057222.jpg"
"72","Florence_20180917a_jpgs","P26057140.jpg"
"73","Florence_20180917a_jpgs","P26055930.jpg"
"74","Florence_20180917a_jpgs","P26059422.jpg"
"75","Florence_20180917a_jpgs","C26049738.jpg"
"76","Florence_20180917a_jpgs","P26056968.jpg"
"77","Florence_20180917a_jpgs","P26057182.jpg"
"78","Florence_20180917a_jpgs","P26055978.jpg"
"79","Florence_20180917a_jpgs","P26055127.jpg"
"80","Florence_20180917a_jpgs","P26058740.jpg"
"81","Florence_20180917a_jpgs","P26060185.jpg"
"82","Florence_20180917a_jpgs","P26054583.jpg"
"83","Florence_20180917a_jpgs","P26057188.jpg"
"84","Florence_20180917a_jpgs","P26056274.jpg"
"85","Florence_20180917a_jpgs","P26054217.jpg"
"86","Florence_20180917a_jpgs","P26056187.jpg"
"87","Florence_20180917a_jpgs","P26056289.jpg"
"88","Florence_20180917a_jpgs","P26047226.jpg"
"89","Florence_20180917a_jpgs","P26059410.jpg"
"90","Florence_20180917a_jpgs","P26056380.jpg"
"91","Florence_20180917a_jpgs","P26057137.jpg"
"92","Florence_20180917a_jpgs","P26059380.jpg"
"93","Florence_20180917a_jpgs","P26057382.jpg"
"94","Florence_20180917a_jpgs","P26054592.jpg"
"95","Florence_20180917a_jpgs","P26059895.jpg"
"96","Florence_20180917a_jpgs","P26059892.jpg"
"97","Florence_20180917a_jpgs","P26056205.jpg"
"98","Florence_20180917a_jpgs","P26055444.jpg"
"99","Florence_20180917a_jpgs","P26056196.jpg"
"100","Florence_20180917a_jpgs","P26058402.jpg"
